<?xml version="1.0" encoding="UTF-8" standalone="yes"?>
<addon id="repository.rfontsv" name="[B]Repo[/B] [COLOR azure][B]RFONTSV[/B] [COLOR limegreen][B]MATRIX[/B][/COLOR]|[COLOR dodgerblue][B]NEXUS[/B][/COLOR]" version="1.0" provider-name="Rik Team">
    <extension point="xbmc.addon.repository" name="RFONTSV Repository">
        <dir>
			<info compressed="false">https://raw.githubusercontent.com/rfontsv/rfontsv.github.io/main/zips/addons.xml</info>
            <checksum>https://raw.githubusercontent.com/rfontsv/rfontsv.github.io/main/zips/addons.xml.md5</checksum>
            <datadir zip="true">https://raw.githubusercontent.com/rfontsv/rfontsv.github.io/main/zips/</datadir>
		</dir>
    </extension>
    <extension point="xbmc.addon.metadata">
        <summary>[COLOR steelblue]Repo[/COLOR] [COLOR azure]RFONTSV Repo[/COLOR] [COLOR limegreen]MATRIX[/COLOR]|[COLOR dodgerblue]NEXUS[/COLOR]</summary>
        <description>Repositorio de addons [COLOR dodgerblue]RFONTSV[/COLOR].
[COLOR gold]Developers:[/COLOR] Rik Team</description>
        <disclaimer>Éste repositorio contiene addons válidos para Kodi 19.x MATRIX y 20.x NEXUS.</disclaimer>
        <platform>all</platform>
        <assets>
            <icon>icon.png</icon>
        </assets>
		<source>https://github.com/rfontsv/rfontsv.github.io/</source>
    </extension>
</addon>